﻿<?xml version="1.0" encoding="utf-8"?>
<publishData>
  <publishProfile publishUrl="D:\TMRData\WIMprojects\Deploy\LaMPServices" deleteExistingFiles="False" ftpAnonymousLogin="False" ftpPassiveMode="True" msdeploySite="" msdeploySiteID="" msdeployRemoteSitePhysicalPath="" msdeployAllowUntrustedCertificate="False" msdeploySkipExtraFilesOnServer="True" msdeployMarkAsApp="False" profileName="DeployServices" publishMethod="FileSystem" replaceMatchingFiles="True" userName="" savePWD="False" userPWD="" SelectedForPublish="True">
    <file relUrl="Web.config" publishTime="05/22/2015 09:03:30" />
    <file relUrl="bin/MoreLinq.dll" publishTime="09/29/2014 12:53:38" />
    <file relUrl="bin/OpenRasta.pdb" publishTime="06/03/2015 10:31:51" />
    <file relUrl="bin/Newtonsoft.Json.pdb" publishTime="03/21/2014 11:28:20" />
    <file relUrl="packages.config" publishTime="09/29/2014 12:56:26" />
    <file relUrl="bin/RestSharp.dll" publishTime="10/11/2012 08:07:48" />
    <file relUrl="bin/Newtonsoft.Json.xml" publishTime="03/21/2014 11:28:20" />
    <file relUrl="bin/LaMPServices.pdb" publishTime="06/04/2015 11:42:48" />
    <file relUrl="bin/OpenRasta.dll" publishTime="06/03/2015 10:31:51" />
    <file relUrl="bin/OpenRasta.Hosting.AspNet.dll" publishTime="06/03/2015 10:31:51" />
    <file relUrl="bin/MoreLinq.xml" publishTime="09/29/2014 12:53:38" />
    <file relUrl="clientaccesspolicy.xml" publishTime="03/22/2013 13:07:44" />
    <file relUrl="crossdomain.xml" publishTime="03/22/2013 13:07:44" />
    <file relUrl="bin/OpenRasta.Codecs.WebForms.dll" publishTime="06/03/2015 10:31:52" />
    <file relUrl="bin/OpenRasta.Hosting.AspNet.pdb" publishTime="06/03/2015 10:31:51" />
    <file relUrl="bin/Newtonsoft.Json.dll" publishTime="03/21/2014 11:28:20" />
    <file relUrl="bin/OpenRasta.Codecs.WebForms.pdb" publishTime="06/03/2015 10:31:52" />
    <file relUrl="Default.aspx" publishTime="03/22/2013 13:07:44" />
    <file relUrl="bin/LaMPServices.dll" publishTime="06/04/2015 11:42:48" />
  </publishProfile>
</publishData>